,path,w,h,k,use8neighbors,structure,read_file_time,convert_time,tiempo_algoritmo,disk_time,var,tiempo total,tiemp_algoritmo,tiempo algoritmo (millisegs),tiempo algoritmo,filename,clusters,iteration,iteracion,imagen
0,gray_mandril.txt,141,141,10,0,0,14.0,184556,6945,2.0,6948,191519,6945.0,6943.0,6945,gray_mandril.txt,4874,1.0,1,mandril
1,gray_mandril.txt,141,141,10,0,0,14.0,184556,6945,2.0,6948,191519,6945.0,6943.0,6945,gray_mandril.txt,1239,1.0,1,mandril
2,gray_mandril.txt,141,141,10,0,0,14.0,184556,6945,2.0,6948,191519,6945.0,6943.0,6945,gray_mandril.txt,4874,1.0,1,mandril
3,gray_mandril.txt,141,141,10,0,0,14.0,184556,6945,2.0,6948,191519,6945.0,6943.0,6945,gray_mandril.txt,4874,1.0,1,mandril
4,gray_mandril.txt,141,141,10,0,0,14.0,184556,6945,2.0,6948,191519,6945.0,6943.0,6945,gray_mandril.txt,1239,1.0,1,mandril
5,gray_mandril.txt,141,141,10,0,0,14.0,184556,6945,2.0,6948,191519,6945.0,6943.0,6945,gray_mandril.txt,1239,1.0,1,mandril
6,gray_mandril.txt,141,141,10,1,0,11.0,129,8027,2.0,8030,8171,8027.0,8025.0,8027,gray_mandril.txt,4874,1.0,1,mandril
7,gray_mandril.txt,141,141,10,1,0,11.0,129,8027,2.0,8030,8171,8027.0,8025.0,8027,gray_mandril.txt,1239,1.0,1,mandril
8,gray_mandril.txt,141,141,10,1,0,11.0,129,8027,2.0,8030,8171,8027.0,8025.0,8027,gray_mandril.txt,4874,1.0,1,mandril
9,gray_mandril.txt,141,141,10,1,0,11.0,129,8027,2.0,8030,8171,8027.0,8025.0,8027,gray_mandril.txt,4874,1.0,1,mandril
10,gray_mandril.txt,141,141,10,1,0,11.0,129,8027,2.0,8030,8171,8027.0,8025.0,8027,gray_mandril.txt,1239,1.0,1,mandril
11,gray_mandril.txt,141,141,10,1,0,11.0,129,8027,2.0,8030,8171,8027.0,8025.0,8027,gray_mandril.txt,1239,1.0,1,mandril
12,gray_mandril.txt,141,141,10,0,1,11.0,174457,24,2.0,26,174496,24.0,22.0,24,gray_mandril.txt,4874,1.0,1,mandril
13,gray_mandril.txt,141,141,10,0,1,11.0,174457,24,2.0,26,174496,24.0,22.0,24,gray_mandril.txt,1239,1.0,1,mandril
14,gray_mandril.txt,141,141,10,0,1,11.0,174457,24,2.0,26,174496,24.0,22.0,24,gray_mandril.txt,4874,1.0,1,mandril
15,gray_mandril.txt,141,141,10,0,1,11.0,174457,24,2.0,26,174496,24.0,22.0,24,gray_mandril.txt,4874,1.0,1,mandril
16,gray_mandril.txt,141,141,10,0,1,11.0,174457,24,2.0,26,174496,24.0,22.0,24,gray_mandril.txt,1239,1.0,1,mandril
17,gray_mandril.txt,141,141,10,0,1,11.0,174457,24,2.0,26,174496,24.0,22.0,24,gray_mandril.txt,1239,1.0,1,mandril
18,gray_mandril.txt,141,141,10,1,1,11.0,141,37,2.0,39,192,37.0,35.0,37,gray_mandril.txt,4874,1.0,1,mandril
19,gray_mandril.txt,141,141,10,1,1,11.0,141,37,2.0,39,192,37.0,35.0,37,gray_mandril.txt,1239,1.0,1,mandril
20,gray_mandril.txt,141,141,10,1,1,11.0,141,37,2.0,39,192,37.0,35.0,37,gray_mandril.txt,4874,1.0,1,mandril
21,gray_mandril.txt,141,141,10,1,1,11.0,141,37,2.0,39,192,37.0,35.0,37,gray_mandril.txt,4874,1.0,1,mandril
22,gray_mandril.txt,141,141,10,1,1,11.0,141,37,2.0,39,192,37.0,35.0,37,gray_mandril.txt,1239,1.0,1,mandril
23,gray_mandril.txt,141,141,10,1,1,11.0,141,37,2.0,39,192,37.0,35.0,37,gray_mandril.txt,1239,1.0,1,mandril
24,gray_mandril.txt,141,141,10,0,2,14.0,205044,29,6.0,36,205095,29.0,23.0,29,gray_mandril.txt,4874,1.0,1,mandril
25,gray_mandril.txt,141,141,10,0,2,14.0,205044,29,6.0,36,205095,29.0,23.0,29,gray_mandril.txt,1239,1.0,1,mandril
26,gray_mandril.txt,141,141,10,0,2,14.0,205044,29,6.0,36,205095,29.0,23.0,29,gray_mandril.txt,4874,1.0,1,mandril
27,gray_mandril.txt,141,141,10,0,2,14.0,205044,29,6.0,36,205095,29.0,23.0,29,gray_mandril.txt,4874,1.0,1,mandril
28,gray_mandril.txt,141,141,10,0,2,14.0,205044,29,6.0,36,205095,29.0,23.0,29,gray_mandril.txt,1239,1.0,1,mandril
29,gray_mandril.txt,141,141,10,0,2,14.0,205044,29,6.0,36,205095,29.0,23.0,29,gray_mandril.txt,1239,1.0,1,mandril
30,gray_mandril.txt,141,141,10,1,2,12.0,141,42,2.0,45,198,42.0,40.0,42,gray_mandril.txt,4874,1.0,1,mandril
31,gray_mandril.txt,141,141,10,1,2,12.0,141,42,2.0,45,198,42.0,40.0,42,gray_mandril.txt,1239,1.0,1,mandril
32,gray_mandril.txt,141,141,10,1,2,12.0,141,42,2.0,45,198,42.0,40.0,42,gray_mandril.txt,4874,1.0,1,mandril
33,gray_mandril.txt,141,141,10,1,2,12.0,141,42,2.0,45,198,42.0,40.0,42,gray_mandril.txt,4874,1.0,1,mandril
34,gray_mandril.txt,141,141,10,1,2,12.0,141,42,2.0,45,198,42.0,40.0,42,gray_mandril.txt,1239,1.0,1,mandril
35,gray_mandril.txt,141,141,10,1,2,12.0,141,42,2.0,45,198,42.0,40.0,42,gray_mandril.txt,1239,1.0,1,mandril
36,gray_mandril.txt,141,141,10,1,2,13.0,142,52,3.0,56,212,52.0,49.0,52,gray_mandril.txt,4874,1.0,1,mandril
37,gray_mandril.txt,141,141,10,1,2,13.0,142,52,3.0,56,212,52.0,49.0,52,gray_mandril.txt,1239,1.0,1,mandril
38,gray_mandril.txt,141,141,10,1,2,13.0,142,52,3.0,56,212,52.0,49.0,52,gray_mandril.txt,4874,1.0,1,mandril
39,gray_mandril.txt,141,141,10,1,2,13.0,142,52,3.0,56,212,52.0,49.0,52,gray_mandril.txt,4874,1.0,1,mandril
40,gray_mandril.txt,141,141,10,1,2,13.0,142,52,3.0,56,212,52.0,49.0,52,gray_mandril.txt,1239,1.0,1,mandril
41,gray_mandril.txt,141,141,10,1,2,13.0,142,52,3.0,56,212,52.0,49.0,52,gray_mandril.txt,1239,1.0,1,mandril
42,gray_mandril.txt,141,141,10,1,2,11.0,141,41,4.0,46,200,41.0,37.0,41,gray_mandril.txt,4874,1.0,1,mandril
43,gray_mandril.txt,141,141,10,1,2,11.0,141,41,4.0,46,200,41.0,37.0,41,gray_mandril.txt,1239,1.0,1,mandril
44,gray_mandril.txt,141,141,10,1,2,11.0,141,41,4.0,46,200,41.0,37.0,41,gray_mandril.txt,4874,1.0,1,mandril
45,gray_mandril.txt,141,141,10,1,2,11.0,141,41,4.0,46,200,41.0,37.0,41,gray_mandril.txt,4874,1.0,1,mandril
46,gray_mandril.txt,141,141,10,1,2,11.0,141,41,4.0,46,200,41.0,37.0,41,gray_mandril.txt,1239,1.0,1,mandril
47,gray_mandril.txt,141,141,10,1,2,11.0,141,41,4.0,46,200,41.0,37.0,41,gray_mandril.txt,1239,1.0,1,mandril
48,gray_mandril.txt,141,141,10,1,2,12.0,145,41,3.0,45,203,41.0,38.0,41,gray_mandril.txt,4874,1.0,1,mandril
49,gray_mandril.txt,141,141,10,1,2,12.0,145,41,3.0,45,203,41.0,38.0,41,gray_mandril.txt,1239,1.0,1,mandril
50,gray_mandril.txt,141,141,10,1,2,12.0,145,41,3.0,45,203,41.0,38.0,41,gray_mandril.txt,4874,1.0,1,mandril
51,gray_mandril.txt,141,141,10,1,2,12.0,145,41,3.0,45,203,41.0,38.0,41,gray_mandril.txt,4874,1.0,1,mandril
52,gray_mandril.txt,141,141,10,1,2,12.0,145,41,3.0,45,203,41.0,38.0,41,gray_mandril.txt,1239,1.0,1,mandril
53,gray_mandril.txt,141,141,10,1,2,12.0,145,41,3.0,45,203,41.0,38.0,41,gray_mandril.txt,1239,1.0,1,mandril
54,gray_mandril.txt,141,141,10,1,2,13.0,141,40,3.0,43,198,40.0,37.0,40,gray_mandril.txt,4874,1.0,1,mandril
55,gray_mandril.txt,141,141,10,1,2,13.0,141,40,3.0,43,198,40.0,37.0,40,gray_mandril.txt,1239,1.0,1,mandril
56,gray_mandril.txt,141,141,10,1,2,13.0,141,40,3.0,43,198,40.0,37.0,40,gray_mandril.txt,4874,1.0,1,mandril
57,gray_mandril.txt,141,141,10,1,2,13.0,141,40,3.0,43,198,40.0,37.0,40,gray_mandril.txt,4874,1.0,1,mandril
58,gray_mandril.txt,141,141,10,1,2,13.0,141,40,3.0,43,198,40.0,37.0,40,gray_mandril.txt,1239,1.0,1,mandril
59,gray_mandril.txt,141,141,10,1,2,13.0,141,40,3.0,43,198,40.0,37.0,40,gray_mandril.txt,1239,1.0,1,mandril
60,gray_mandril.txt,141,141,10,1,2,13.0,141,41,2.0,44,199,41.0,39.0,41,gray_mandril.txt,4874,1.0,1,mandril
61,gray_mandril.txt,141,141,10,1,2,13.0,141,41,2.0,44,199,41.0,39.0,41,gray_mandril.txt,1239,1.0,1,mandril
62,gray_mandril.txt,141,141,10,1,2,13.0,141,41,2.0,44,199,41.0,39.0,41,gray_mandril.txt,4874,1.0,1,mandril
63,gray_mandril.txt,141,141,10,1,2,13.0,141,41,2.0,44,199,41.0,39.0,41,gray_mandril.txt,4874,1.0,1,mandril
64,gray_mandril.txt,141,141,10,1,2,13.0,141,41,2.0,44,199,41.0,39.0,41,gray_mandril.txt,1239,1.0,1,mandril
65,gray_mandril.txt,141,141,10,1,2,13.0,141,41,2.0,44,199,41.0,39.0,41,gray_mandril.txt,1239,1.0,1,mandril
66,gray_mandril.txt,141,141,10,1,2,24.0,145,40,2.0,43,212,40.0,38.0,40,gray_mandril.txt,4874,1.0,1,mandril
67,gray_mandril.txt,141,141,10,1,2,24.0,145,40,2.0,43,212,40.0,38.0,40,gray_mandril.txt,1239,1.0,1,mandril
68,gray_mandril.txt,141,141,10,1,2,24.0,145,40,2.0,43,212,40.0,38.0,40,gray_mandril.txt,4874,1.0,1,mandril
69,gray_mandril.txt,141,141,10,1,2,24.0,145,40,2.0,43,212,40.0,38.0,40,gray_mandril.txt,4874,1.0,1,mandril
70,gray_mandril.txt,141,141,10,1,2,24.0,145,40,2.0,43,212,40.0,38.0,40,gray_mandril.txt,1239,1.0,1,mandril
71,gray_mandril.txt,141,141,10,1,2,24.0,145,40,2.0,43,212,40.0,38.0,40,gray_mandril.txt,1239,1.0,1,mandril
72,gray_mandril.txt,141,141,10,1,2,12.0,147,42,2.0,45,205,42.0,40.0,42,gray_mandril.txt,4874,1.0,1,mandril
73,gray_mandril.txt,141,141,10,1,2,12.0,147,42,2.0,45,205,42.0,40.0,42,gray_mandril.txt,1239,1.0,1,mandril
74,gray_mandril.txt,141,141,10,1,2,12.0,147,42,2.0,45,205,42.0,40.0,42,gray_mandril.txt,4874,1.0,1,mandril
75,gray_mandril.txt,141,141,10,1,2,12.0,147,42,2.0,45,205,42.0,40.0,42,gray_mandril.txt,4874,1.0,1,mandril
76,gray_mandril.txt,141,141,10,1,2,12.0,147,42,2.0,45,205,42.0,40.0,42,gray_mandril.txt,1239,1.0,1,mandril
77,gray_mandril.txt,141,141,10,1,2,12.0,147,42,2.0,45,205,42.0,40.0,42,gray_mandril.txt,1239,1.0,1,mandril
78,gray_mandril.txt,141,141,10,1,2,13.0,144,41,2.0,44,202,41.0,39.0,41,gray_mandril.txt,4874,1.0,1,mandril
79,gray_mandril.txt,141,141,10,1,2,13.0,144,41,2.0,44,202,41.0,39.0,41,gray_mandril.txt,1239,1.0,1,mandril
80,gray_mandril.txt,141,141,10,1,2,13.0,144,41,2.0,44,202,41.0,39.0,41,gray_mandril.txt,4874,1.0,1,mandril
81,gray_mandril.txt,141,141,10,1,2,13.0,144,41,2.0,44,202,41.0,39.0,41,gray_mandril.txt,4874,1.0,1,mandril
82,gray_mandril.txt,141,141,10,1,2,13.0,144,41,2.0,44,202,41.0,39.0,41,gray_mandril.txt,1239,1.0,1,mandril
83,gray_mandril.txt,141,141,10,1,2,13.0,144,41,2.0,44,202,41.0,39.0,41,gray_mandril.txt,1239,1.0,1,mandril
84,gray_mandril.txt,141,141,10,1,2,13.0,151,42,2.0,45,209,42.0,40.0,42,gray_mandril.txt,4874,1.0,1,mandril
85,gray_mandril.txt,141,141,10,1,2,13.0,151,42,2.0,45,209,42.0,40.0,42,gray_mandril.txt,1239,1.0,1,mandril
86,gray_mandril.txt,141,141,10,1,2,13.0,151,42,2.0,45,209,42.0,40.0,42,gray_mandril.txt,4874,1.0,1,mandril
87,gray_mandril.txt,141,141,10,1,2,13.0,151,42,2.0,45,209,42.0,40.0,42,gray_mandril.txt,4874,1.0,1,mandril
88,gray_mandril.txt,141,141,10,1,2,13.0,151,42,2.0,45,209,42.0,40.0,42,gray_mandril.txt,1239,1.0,1,mandril
89,gray_mandril.txt,141,141,10,1,2,13.0,151,42,2.0,45,209,42.0,40.0,42,gray_mandril.txt,1239,1.0,1,mandril
90,gray_clock.txt,141,141,10,0,0,12.0,188169,6987,2.0,6990,195172,6987.0,6985.0,6987,gray_clock.txt,2566,1.0,1,reloj
91,gray_clock.txt,141,141,10,0,0,12.0,188169,6987,2.0,6990,195172,6987.0,6985.0,6987,gray_clock.txt,2566,1.0,1,reloj
92,gray_clock.txt,141,141,10,0,0,12.0,188169,6987,2.0,6990,195172,6987.0,6985.0,6987,gray_clock.txt,858,1.0,1,reloj
93,gray_clock.txt,141,141,10,0,0,12.0,188169,6987,2.0,6990,195172,6987.0,6985.0,6987,gray_clock.txt,858,1.0,1,reloj
94,gray_clock.txt,141,141,10,0,0,12.0,188169,6987,2.0,6990,195172,6987.0,6985.0,6987,gray_clock.txt,2566,1.0,1,reloj
95,gray_clock.txt,141,141,10,0,0,12.0,188169,6987,2.0,6990,195172,6987.0,6985.0,6987,gray_clock.txt,858,1.0,1,reloj
96,gray_clock.txt,141,141,10,1,0,11.0,129,9184,2.0,9186,9327,9184.0,9182.0,9184,gray_clock.txt,2566,1.0,1,reloj
97,gray_clock.txt,141,141,10,1,0,11.0,129,9184,2.0,9186,9327,9184.0,9182.0,9184,gray_clock.txt,2566,1.0,1,reloj
98,gray_clock.txt,141,141,10,1,0,11.0,129,9184,2.0,9186,9327,9184.0,9182.0,9184,gray_clock.txt,858,1.0,1,reloj
99,gray_clock.txt,141,141,10,1,0,11.0,129,9184,2.0,9186,9327,9184.0,9182.0,9184,gray_clock.txt,858,1.0,1,reloj
100,gray_clock.txt,141,141,10,1,0,11.0,129,9184,2.0,9186,9327,9184.0,9182.0,9184,gray_clock.txt,2566,1.0,1,reloj
101,gray_clock.txt,141,141,10,1,0,11.0,129,9184,2.0,9186,9327,9184.0,9182.0,9184,gray_clock.txt,858,1.0,1,reloj
102,gray_clock.txt,141,141,10,0,1,11.0,174218,30,3.0,33,174263,30.0,27.0,30,gray_clock.txt,2566,1.0,1,reloj
103,gray_clock.txt,141,141,10,0,1,11.0,174218,30,3.0,33,174263,30.0,27.0,30,gray_clock.txt,2566,1.0,1,reloj
104,gray_clock.txt,141,141,10,0,1,11.0,174218,30,3.0,33,174263,30.0,27.0,30,gray_clock.txt,858,1.0,1,reloj
105,gray_clock.txt,141,141,10,0,1,11.0,174218,30,3.0,33,174263,30.0,27.0,30,gray_clock.txt,858,1.0,1,reloj
106,gray_clock.txt,141,141,10,0,1,11.0,174218,30,3.0,33,174263,30.0,27.0,30,gray_clock.txt,2566,1.0,1,reloj
107,gray_clock.txt,141,141,10,0,1,11.0,174218,30,3.0,33,174263,30.0,27.0,30,gray_clock.txt,858,1.0,1,reloj
108,gray_clock.txt,141,141,10,1,1,14.0,133,39,2.0,41,189,39.0,37.0,39,gray_clock.txt,2566,1.0,1,reloj
109,gray_clock.txt,141,141,10,1,1,14.0,133,39,2.0,41,189,39.0,37.0,39,gray_clock.txt,2566,1.0,1,reloj
110,gray_clock.txt,141,141,10,1,1,14.0,133,39,2.0,41,189,39.0,37.0,39,gray_clock.txt,858,1.0,1,reloj
111,gray_clock.txt,141,141,10,1,1,14.0,133,39,2.0,41,189,39.0,37.0,39,gray_clock.txt,858,1.0,1,reloj
112,gray_clock.txt,141,141,10,1,1,14.0,133,39,2.0,41,189,39.0,37.0,39,gray_clock.txt,2566,1.0,1,reloj
113,gray_clock.txt,141,141,10,1,1,14.0,133,39,2.0,41,189,39.0,37.0,39,gray_clock.txt,858,1.0,1,reloj
114,gray_clock.txt,141,141,10,0,2,15.0,196982,42,3.0,46,197044,42.0,39.0,42,gray_clock.txt,2566,1.0,1,reloj
115,gray_clock.txt,141,141,10,0,2,15.0,196982,42,3.0,46,197044,42.0,39.0,42,gray_clock.txt,2566,1.0,1,reloj
116,gray_clock.txt,141,141,10,0,2,15.0,196982,42,3.0,46,197044,42.0,39.0,42,gray_clock.txt,858,1.0,1,reloj
117,gray_clock.txt,141,141,10,0,2,15.0,196982,42,3.0,46,197044,42.0,39.0,42,gray_clock.txt,858,1.0,1,reloj
118,gray_clock.txt,141,141,10,0,2,15.0,196982,42,3.0,46,197044,42.0,39.0,42,gray_clock.txt,2566,1.0,1,reloj
119,gray_clock.txt,141,141,10,0,2,15.0,196982,42,3.0,46,197044,42.0,39.0,42,gray_clock.txt,858,1.0,1,reloj
120,gray_clock.txt,141,141,10,1,2,13.0,141,45,2.0,48,203,45.0,43.0,45,gray_clock.txt,2566,1.0,1,reloj
121,gray_clock.txt,141,141,10,1,2,13.0,141,45,2.0,48,203,45.0,43.0,45,gray_clock.txt,2566,1.0,1,reloj
122,gray_clock.txt,141,141,10,1,2,13.0,141,45,2.0,48,203,45.0,43.0,45,gray_clock.txt,858,1.0,1,reloj
123,gray_clock.txt,141,141,10,1,2,13.0,141,45,2.0,48,203,45.0,43.0,45,gray_clock.txt,858,1.0,1,reloj
124,gray_clock.txt,141,141,10,1,2,13.0,141,45,2.0,48,203,45.0,43.0,45,gray_clock.txt,2566,1.0,1,reloj
125,gray_clock.txt,141,141,10,1,2,13.0,141,45,2.0,48,203,45.0,43.0,45,gray_clock.txt,858,1.0,1,reloj
126,gray_clock.txt,141,141,10,1,2,11.0,139,41,3.0,44,196,41.0,38.0,41,gray_clock.txt,2566,1.0,1,reloj
127,gray_clock.txt,141,141,10,1,2,11.0,139,41,3.0,44,196,41.0,38.0,41,gray_clock.txt,2566,1.0,1,reloj
128,gray_clock.txt,141,141,10,1,2,11.0,139,41,3.0,44,196,41.0,38.0,41,gray_clock.txt,858,1.0,1,reloj
129,gray_clock.txt,141,141,10,1,2,11.0,139,41,3.0,44,196,41.0,38.0,41,gray_clock.txt,858,1.0,1,reloj
130,gray_clock.txt,141,141,10,1,2,11.0,139,41,3.0,44,196,41.0,38.0,41,gray_clock.txt,2566,1.0,1,reloj
131,gray_clock.txt,141,141,10,1,2,11.0,139,41,3.0,44,196,41.0,38.0,41,gray_clock.txt,858,1.0,1,reloj
132,gray_clock.txt,141,141,10,1,2,12.0,139,40,3.0,43,196,40.0,37.0,40,gray_clock.txt,2566,1.0,1,reloj
133,gray_clock.txt,141,141,10,1,2,12.0,139,40,3.0,43,196,40.0,37.0,40,gray_clock.txt,2566,1.0,1,reloj
134,gray_clock.txt,141,141,10,1,2,12.0,139,40,3.0,43,196,40.0,37.0,40,gray_clock.txt,858,1.0,1,reloj
135,gray_clock.txt,141,141,10,1,2,12.0,139,40,3.0,43,196,40.0,37.0,40,gray_clock.txt,858,1.0,1,reloj
136,gray_clock.txt,141,141,10,1,2,12.0,139,40,3.0,43,196,40.0,37.0,40,gray_clock.txt,2566,1.0,1,reloj
137,gray_clock.txt,141,141,10,1,2,12.0,139,40,3.0,43,196,40.0,37.0,40,gray_clock.txt,858,1.0,1,reloj
138,gray_clock.txt,141,141,10,1,2,13.0,148,45,4.0,50,211,45.0,41.0,45,gray_clock.txt,2566,1.0,1,reloj
139,gray_clock.txt,141,141,10,1,2,13.0,148,45,4.0,50,211,45.0,41.0,45,gray_clock.txt,2566,1.0,1,reloj
140,gray_clock.txt,141,141,10,1,2,13.0,148,45,4.0,50,211,45.0,41.0,45,gray_clock.txt,858,1.0,1,reloj
141,gray_clock.txt,141,141,10,1,2,13.0,148,45,4.0,50,211,45.0,41.0,45,gray_clock.txt,858,1.0,1,reloj
142,gray_clock.txt,141,141,10,1,2,13.0,148,45,4.0,50,211,45.0,41.0,45,gray_clock.txt,2566,1.0,1,reloj
143,gray_clock.txt,141,141,10,1,2,13.0,148,45,4.0,50,211,45.0,41.0,45,gray_clock.txt,858,1.0,1,reloj
144,gray_clock.txt,141,141,10,1,2,12.0,151,41,2.0,44,207,41.0,39.0,41,gray_clock.txt,2566,1.0,1,reloj
145,gray_clock.txt,141,141,10,1,2,12.0,151,41,2.0,44,207,41.0,39.0,41,gray_clock.txt,2566,1.0,1,reloj
146,gray_clock.txt,141,141,10,1,2,12.0,151,41,2.0,44,207,41.0,39.0,41,gray_clock.txt,858,1.0,1,reloj
147,gray_clock.txt,141,141,10,1,2,12.0,151,41,2.0,44,207,41.0,39.0,41,gray_clock.txt,858,1.0,1,reloj
148,gray_clock.txt,141,141,10,1,2,12.0,151,41,2.0,44,207,41.0,39.0,41,gray_clock.txt,2566,1.0,1,reloj
149,gray_clock.txt,141,141,10,1,2,12.0,151,41,2.0,44,207,41.0,39.0,41,gray_clock.txt,858,1.0,1,reloj
150,gray_clock.txt,141,141,10,1,2,13.0,139,41,2.0,44,197,41.0,39.0,41,gray_clock.txt,2566,1.0,1,reloj
151,gray_clock.txt,141,141,10,1,2,13.0,139,41,2.0,44,197,41.0,39.0,41,gray_clock.txt,2566,1.0,1,reloj
152,gray_clock.txt,141,141,10,1,2,13.0,139,41,2.0,44,197,41.0,39.0,41,gray_clock.txt,858,1.0,1,reloj
153,gray_clock.txt,141,141,10,1,2,13.0,139,41,2.0,44,197,41.0,39.0,41,gray_clock.txt,858,1.0,1,reloj
154,gray_clock.txt,141,141,10,1,2,13.0,139,41,2.0,44,197,41.0,39.0,41,gray_clock.txt,2566,1.0,1,reloj
155,gray_clock.txt,141,141,10,1,2,13.0,139,41,2.0,44,197,41.0,39.0,41,gray_clock.txt,858,1.0,1,reloj
156,gray_clock.txt,141,141,10,1,2,12.0,139,41,2.0,44,196,41.0,39.0,41,gray_clock.txt,2566,1.0,1,reloj
157,gray_clock.txt,141,141,10,1,2,12.0,139,41,2.0,44,196,41.0,39.0,41,gray_clock.txt,2566,1.0,1,reloj
158,gray_clock.txt,141,141,10,1,2,12.0,139,41,2.0,44,196,41.0,39.0,41,gray_clock.txt,858,1.0,1,reloj
159,gray_clock.txt,141,141,10,1,2,12.0,139,41,2.0,44,196,41.0,39.0,41,gray_clock.txt,858,1.0,1,reloj
160,gray_clock.txt,141,141,10,1,2,12.0,139,41,2.0,44,196,41.0,39.0,41,gray_clock.txt,2566,1.0,1,reloj
161,gray_clock.txt,141,141,10,1,2,12.0,139,41,2.0,44,196,41.0,39.0,41,gray_clock.txt,858,1.0,1,reloj
162,gray_clock.txt,141,141,10,1,2,12.0,142,55,3.0,59,214,55.0,52.0,55,gray_clock.txt,2566,1.0,1,reloj
163,gray_clock.txt,141,141,10,1,2,12.0,142,55,3.0,59,214,55.0,52.0,55,gray_clock.txt,2566,1.0,1,reloj
164,gray_clock.txt,141,141,10,1,2,12.0,142,55,3.0,59,214,55.0,52.0,55,gray_clock.txt,858,1.0,1,reloj
165,gray_clock.txt,141,141,10,1,2,12.0,142,55,3.0,59,214,55.0,52.0,55,gray_clock.txt,858,1.0,1,reloj
166,gray_clock.txt,141,141,10,1,2,12.0,142,55,3.0,59,214,55.0,52.0,55,gray_clock.txt,2566,1.0,1,reloj
167,gray_clock.txt,141,141,10,1,2,12.0,142,55,3.0,59,214,55.0,52.0,55,gray_clock.txt,858,1.0,1,reloj
168,gray_clock.txt,141,141,10,1,2,12.0,143,39,2.0,42,197,39.0,37.0,39,gray_clock.txt,2566,1.0,1,reloj
169,gray_clock.txt,141,141,10,1,2,12.0,143,39,2.0,42,197,39.0,37.0,39,gray_clock.txt,2566,1.0,1,reloj
170,gray_clock.txt,141,141,10,1,2,12.0,143,39,2.0,42,197,39.0,37.0,39,gray_clock.txt,858,1.0,1,reloj
171,gray_clock.txt,141,141,10,1,2,12.0,143,39,2.0,42,197,39.0,37.0,39,gray_clock.txt,858,1.0,1,reloj
172,gray_clock.txt,141,141,10,1,2,12.0,143,39,2.0,42,197,39.0,37.0,39,gray_clock.txt,2566,1.0,1,reloj
173,gray_clock.txt,141,141,10,1,2,12.0,143,39,2.0,42,197,39.0,37.0,39,gray_clock.txt,858,1.0,1,reloj
174,gray_clock.txt,141,141,10,1,2,14.0,143,41,2.0,43,201,41.0,39.0,41,gray_clock.txt,2566,1.0,1,reloj
175,gray_clock.txt,141,141,10,1,2,14.0,143,41,2.0,43,201,41.0,39.0,41,gray_clock.txt,2566,1.0,1,reloj
176,gray_clock.txt,141,141,10,1,2,14.0,143,41,2.0,43,201,41.0,39.0,41,gray_clock.txt,858,1.0,1,reloj
177,gray_clock.txt,141,141,10,1,2,14.0,143,41,2.0,43,201,41.0,39.0,41,gray_clock.txt,858,1.0,1,reloj
178,gray_clock.txt,141,141,10,1,2,14.0,143,41,2.0,43,201,41.0,39.0,41,gray_clock.txt,2566,1.0,1,reloj
179,gray_clock.txt,141,141,10,1,2,14.0,143,41,2.0,43,201,41.0,39.0,41,gray_clock.txt,858,1.0,1,reloj
180,gray_tank.txt,141,141,10,0,0,11.0,178557,6311,2.0,6313,184883,6311.0,6309.0,6311,gray_tank.txt,1199,1.0,1,tanque
181,gray_tank.txt,141,141,10,0,0,11.0,178557,6311,2.0,6313,184883,6311.0,6309.0,6311,gray_tank.txt,3942,1.0,1,tanque
182,gray_tank.txt,141,141,10,0,0,11.0,178557,6311,2.0,6313,184883,6311.0,6309.0,6311,gray_tank.txt,3942,1.0,1,tanque
183,gray_tank.txt,141,141,10,0,0,11.0,178557,6311,2.0,6313,184883,6311.0,6309.0,6311,gray_tank.txt,3942,1.0,1,tanque
184,gray_tank.txt,141,141,10,0,0,11.0,178557,6311,2.0,6313,184883,6311.0,6309.0,6311,gray_tank.txt,1199,1.0,1,tanque
185,gray_tank.txt,141,141,10,0,0,11.0,178557,6311,2.0,6313,184883,6311.0,6309.0,6311,gray_tank.txt,1199,1.0,1,tanque
186,gray_tank.txt,141,141,10,1,0,11.0,125,8478,2.0,8480,8618,8478.0,8476.0,8478,gray_tank.txt,1199,1.0,1,tanque
187,gray_tank.txt,141,141,10,1,0,11.0,125,8478,2.0,8480,8618,8478.0,8476.0,8478,gray_tank.txt,3942,1.0,1,tanque
188,gray_tank.txt,141,141,10,1,0,11.0,125,8478,2.0,8480,8618,8478.0,8476.0,8478,gray_tank.txt,3942,1.0,1,tanque
189,gray_tank.txt,141,141,10,1,0,11.0,125,8478,2.0,8480,8618,8478.0,8476.0,8478,gray_tank.txt,3942,1.0,1,tanque
190,gray_tank.txt,141,141,10,1,0,11.0,125,8478,2.0,8480,8618,8478.0,8476.0,8478,gray_tank.txt,1199,1.0,1,tanque
191,gray_tank.txt,141,141,10,1,0,11.0,125,8478,2.0,8480,8618,8478.0,8476.0,8478,gray_tank.txt,1199,1.0,1,tanque
192,gray_tank.txt,141,141,10,0,1,16.0,175933,24,2.0,27,175977,24.0,22.0,24,gray_tank.txt,1199,1.0,1,tanque
193,gray_tank.txt,141,141,10,0,1,16.0,175933,24,2.0,27,175977,24.0,22.0,24,gray_tank.txt,3942,1.0,1,tanque
194,gray_tank.txt,141,141,10,0,1,16.0,175933,24,2.0,27,175977,24.0,22.0,24,gray_tank.txt,3942,1.0,1,tanque
195,gray_tank.txt,141,141,10,0,1,16.0,175933,24,2.0,27,175977,24.0,22.0,24,gray_tank.txt,3942,1.0,1,tanque
196,gray_tank.txt,141,141,10,0,1,16.0,175933,24,2.0,27,175977,24.0,22.0,24,gray_tank.txt,1199,1.0,1,tanque
197,gray_tank.txt,141,141,10,0,1,16.0,175933,24,2.0,27,175977,24.0,22.0,24,gray_tank.txt,1199,1.0,1,tanque
198,gray_tank.txt,141,141,10,1,1,12.0,127,40,2.0,43,182,40.0,38.0,40,gray_tank.txt,1199,1.0,1,tanque
199,gray_tank.txt,141,141,10,1,1,12.0,127,40,2.0,43,182,40.0,38.0,40,gray_tank.txt,3942,1.0,1,tanque
200,gray_tank.txt,141,141,10,1,1,12.0,127,40,2.0,43,182,40.0,38.0,40,gray_tank.txt,3942,1.0,1,tanque
201,gray_tank.txt,141,141,10,1,1,12.0,127,40,2.0,43,182,40.0,38.0,40,gray_tank.txt,3942,1.0,1,tanque
202,gray_tank.txt,141,141,10,1,1,12.0,127,40,2.0,43,182,40.0,38.0,40,gray_tank.txt,1199,1.0,1,tanque
203,gray_tank.txt,141,141,10,1,1,12.0,127,40,2.0,43,182,40.0,38.0,40,gray_tank.txt,1199,1.0,1,tanque
204,gray_tank.txt,141,141,10,0,2,17.0,201397,26,2.0,29,201443,26.0,24.0,26,gray_tank.txt,1199,1.0,1,tanque
205,gray_tank.txt,141,141,10,0,2,17.0,201397,26,2.0,29,201443,26.0,24.0,26,gray_tank.txt,3942,1.0,1,tanque
206,gray_tank.txt,141,141,10,0,2,17.0,201397,26,2.0,29,201443,26.0,24.0,26,gray_tank.txt,3942,1.0,1,tanque
207,gray_tank.txt,141,141,10,0,2,17.0,201397,26,2.0,29,201443,26.0,24.0,26,gray_tank.txt,3942,1.0,1,tanque
208,gray_tank.txt,141,141,10,0,2,17.0,201397,26,2.0,29,201443,26.0,24.0,26,gray_tank.txt,1199,1.0,1,tanque
209,gray_tank.txt,141,141,10,0,2,17.0,201397,26,2.0,29,201443,26.0,24.0,26,gray_tank.txt,1199,1.0,1,tanque
210,gray_tank.txt,141,141,10,1,2,13.0,138,41,2.0,44,196,41.0,39.0,41,gray_tank.txt,1199,1.0,1,tanque
211,gray_tank.txt,141,141,10,1,2,13.0,138,41,2.0,44,196,41.0,39.0,41,gray_tank.txt,3942,1.0,1,tanque
212,gray_tank.txt,141,141,10,1,2,13.0,138,41,2.0,44,196,41.0,39.0,41,gray_tank.txt,3942,1.0,1,tanque
213,gray_tank.txt,141,141,10,1,2,13.0,138,41,2.0,44,196,41.0,39.0,41,gray_tank.txt,3942,1.0,1,tanque
214,gray_tank.txt,141,141,10,1,2,13.0,138,41,2.0,44,196,41.0,39.0,41,gray_tank.txt,1199,1.0,1,tanque
215,gray_tank.txt,141,141,10,1,2,13.0,138,41,2.0,44,196,41.0,39.0,41,gray_tank.txt,1199,1.0,1,tanque
216,gray_tank.txt,141,141,10,1,2,12.0,138,40,2.0,43,194,40.0,38.0,40,gray_tank.txt,1199,1.0,1,tanque
217,gray_tank.txt,141,141,10,1,2,12.0,138,40,2.0,43,194,40.0,38.0,40,gray_tank.txt,3942,1.0,1,tanque
218,gray_tank.txt,141,141,10,1,2,12.0,138,40,2.0,43,194,40.0,38.0,40,gray_tank.txt,3942,1.0,1,tanque
219,gray_tank.txt,141,141,10,1,2,12.0,138,40,2.0,43,194,40.0,38.0,40,gray_tank.txt,3942,1.0,1,tanque
220,gray_tank.txt,141,141,10,1,2,12.0,138,40,2.0,43,194,40.0,38.0,40,gray_tank.txt,1199,1.0,1,tanque
221,gray_tank.txt,141,141,10,1,2,12.0,138,40,2.0,43,194,40.0,38.0,40,gray_tank.txt,1199,1.0,1,tanque
222,gray_tank.txt,141,141,10,1,2,13.0,145,43,2.0,46,205,43.0,41.0,43,gray_tank.txt,1199,1.0,1,tanque
223,gray_tank.txt,141,141,10,1,2,13.0,145,43,2.0,46,205,43.0,41.0,43,gray_tank.txt,3942,1.0,1,tanque
224,gray_tank.txt,141,141,10,1,2,13.0,145,43,2.0,46,205,43.0,41.0,43,gray_tank.txt,3942,1.0,1,tanque
225,gray_tank.txt,141,141,10,1,2,13.0,145,43,2.0,46,205,43.0,41.0,43,gray_tank.txt,3942,1.0,1,tanque
226,gray_tank.txt,141,141,10,1,2,13.0,145,43,2.0,46,205,43.0,41.0,43,gray_tank.txt,1199,1.0,1,tanque
227,gray_tank.txt,141,141,10,1,2,13.0,145,43,2.0,46,205,43.0,41.0,43,gray_tank.txt,1199,1.0,1,tanque
228,gray_tank.txt,141,141,10,1,2,26.0,168,54,3.0,57,252,54.0,51.0,54,gray_tank.txt,1199,1.0,1,tanque
229,gray_tank.txt,141,141,10,1,2,26.0,168,54,3.0,57,252,54.0,51.0,54,gray_tank.txt,3942,1.0,1,tanque
230,gray_tank.txt,141,141,10,1,2,26.0,168,54,3.0,57,252,54.0,51.0,54,gray_tank.txt,3942,1.0,1,tanque
231,gray_tank.txt,141,141,10,1,2,26.0,168,54,3.0,57,252,54.0,51.0,54,gray_tank.txt,3942,1.0,1,tanque
232,gray_tank.txt,141,141,10,1,2,26.0,168,54,3.0,57,252,54.0,51.0,54,gray_tank.txt,1199,1.0,1,tanque
233,gray_tank.txt,141,141,10,1,2,26.0,168,54,3.0,57,252,54.0,51.0,54,gray_tank.txt,1199,1.0,1,tanque
234,gray_tank.txt,141,141,10,1,2,12.0,136,42,2.0,44,194,42.0,40.0,42,gray_tank.txt,1199,1.0,1,tanque
235,gray_tank.txt,141,141,10,1,2,12.0,136,42,2.0,44,194,42.0,40.0,42,gray_tank.txt,3942,1.0,1,tanque
236,gray_tank.txt,141,141,10,1,2,12.0,136,42,2.0,44,194,42.0,40.0,42,gray_tank.txt,3942,1.0,1,tanque
237,gray_tank.txt,141,141,10,1,2,12.0,136,42,2.0,44,194,42.0,40.0,42,gray_tank.txt,3942,1.0,1,tanque
238,gray_tank.txt,141,141,10,1,2,12.0,136,42,2.0,44,194,42.0,40.0,42,gray_tank.txt,1199,1.0,1,tanque
239,gray_tank.txt,141,141,10,1,2,12.0,136,42,2.0,44,194,42.0,40.0,42,gray_tank.txt,1199,1.0,1,tanque
240,gray_tank.txt,141,141,10,1,2,12.0,140,41,2.0,44,197,41.0,39.0,41,gray_tank.txt,1199,1.0,1,tanque
241,gray_tank.txt,141,141,10,1,2,12.0,140,41,2.0,44,197,41.0,39.0,41,gray_tank.txt,3942,1.0,1,tanque
242,gray_tank.txt,141,141,10,1,2,12.0,140,41,2.0,44,197,41.0,39.0,41,gray_tank.txt,3942,1.0,1,tanque
243,gray_tank.txt,141,141,10,1,2,12.0,140,41,2.0,44,197,41.0,39.0,41,gray_tank.txt,3942,1.0,1,tanque
244,gray_tank.txt,141,141,10,1,2,12.0,140,41,2.0,44,197,41.0,39.0,41,gray_tank.txt,1199,1.0,1,tanque
245,gray_tank.txt,141,141,10,1,2,12.0,140,41,2.0,44,197,41.0,39.0,41,gray_tank.txt,1199,1.0,1,tanque
246,gray_tank.txt,141,141,10,1,2,12.0,140,41,4.0,45,197,41.0,37.0,41,gray_tank.txt,1199,1.0,1,tanque
247,gray_tank.txt,141,141,10,1,2,12.0,140,41,4.0,45,197,41.0,37.0,41,gray_tank.txt,3942,1.0,1,tanque
248,gray_tank.txt,141,141,10,1,2,12.0,140,41,4.0,45,197,41.0,37.0,41,gray_tank.txt,3942,1.0,1,tanque
249,gray_tank.txt,141,141,10,1,2,12.0,140,41,4.0,45,197,41.0,37.0,41,gray_tank.txt,3942,1.0,1,tanque
250,gray_tank.txt,141,141,10,1,2,12.0,140,41,4.0,45,197,41.0,37.0,41,gray_tank.txt,1199,1.0,1,tanque
251,gray_tank.txt,141,141,10,1,2,12.0,140,41,4.0,45,197,41.0,37.0,41,gray_tank.txt,1199,1.0,1,tanque
252,gray_tank.txt,141,141,10,1,2,13.0,138,40,2.0,43,195,40.0,38.0,40,gray_tank.txt,1199,1.0,1,tanque
253,gray_tank.txt,141,141,10,1,2,13.0,138,40,2.0,43,195,40.0,38.0,40,gray_tank.txt,3942,1.0,1,tanque
254,gray_tank.txt,141,141,10,1,2,13.0,138,40,2.0,43,195,40.0,38.0,40,gray_tank.txt,3942,1.0,1,tanque
255,gray_tank.txt,141,141,10,1,2,13.0,138,40,2.0,43,195,40.0,38.0,40,gray_tank.txt,3942,1.0,1,tanque
256,gray_tank.txt,141,141,10,1,2,13.0,138,40,2.0,43,195,40.0,38.0,40,gray_tank.txt,1199,1.0,1,tanque
257,gray_tank.txt,141,141,10,1,2,13.0,138,40,2.0,43,195,40.0,38.0,40,gray_tank.txt,1199,1.0,1,tanque
258,gray_tank.txt,141,141,10,1,2,12.0,143,42,3.0,46,202,42.0,39.0,42,gray_tank.txt,1199,1.0,1,tanque
259,gray_tank.txt,141,141,10,1,2,12.0,143,42,3.0,46,202,42.0,39.0,42,gray_tank.txt,3942,1.0,1,tanque
260,gray_tank.txt,141,141,10,1,2,12.0,143,42,3.0,46,202,42.0,39.0,42,gray_tank.txt,3942,1.0,1,tanque
261,gray_tank.txt,141,141,10,1,2,12.0,143,42,3.0,46,202,42.0,39.0,42,gray_tank.txt,3942,1.0,1,tanque
262,gray_tank.txt,141,141,10,1,2,12.0,143,42,3.0,46,202,42.0,39.0,42,gray_tank.txt,1199,1.0,1,tanque
263,gray_tank.txt,141,141,10,1,2,12.0,143,42,3.0,46,202,42.0,39.0,42,gray_tank.txt,1199,1.0,1,tanque
264,gray_tank.txt,141,141,10,1,2,11.0,137,40,2.0,43,192,40.0,38.0,40,gray_tank.txt,1199,1.0,1,tanque
265,gray_tank.txt,141,141,10,1,2,11.0,137,40,2.0,43,192,40.0,38.0,40,gray_tank.txt,3942,1.0,1,tanque
266,gray_tank.txt,141,141,10,1,2,11.0,137,40,2.0,43,192,40.0,38.0,40,gray_tank.txt,3942,1.0,1,tanque
267,gray_tank.txt,141,141,10,1,2,11.0,137,40,2.0,43,192,40.0,38.0,40,gray_tank.txt,3942,1.0,1,tanque
268,gray_tank.txt,141,141,10,1,2,11.0,137,40,2.0,43,192,40.0,38.0,40,gray_tank.txt,1199,1.0,1,tanque
269,gray_tank.txt,141,141,10,1,2,11.0,137,40,2.0,43,192,40.0,38.0,40,gray_tank.txt,1199,1.0,1,tanque
270,1_10_2_1_10_2_gray_clock.txt,141,141,10,1,2,22.0,163,42,2.0,45,231,42.0,40.0,42,1_10_2_1_10_2_gray_clock.txt,1852,3.0,3,reloj
271,1_10_2_1_10_2_gray_clock.txt,141,141,10,1,2,22.0,163,42,2.0,45,231,42.0,40.0,42,1_10_2_1_10_2_gray_clock.txt,875,3.0,3,reloj
272,1_10_2_1_10_2_gray_clock.txt,141,141,10,1,2,13.0,138,40,3.0,43,194,40.0,37.0,40,1_10_2_1_10_2_gray_clock.txt,1852,3.0,3,reloj
273,1_10_2_1_10_2_gray_clock.txt,141,141,10,1,2,13.0,138,40,3.0,43,194,40.0,37.0,40,1_10_2_1_10_2_gray_clock.txt,875,3.0,3,reloj
274,1_10_2_1_10_2_gray_clock.txt,141,141,10,1,2,17.0,147,42,2.0,45,210,42.0,40.0,42,1_10_2_1_10_2_gray_clock.txt,1852,3.0,3,reloj
275,1_10_2_1_10_2_gray_clock.txt,141,141,10,1,2,17.0,147,42,2.0,45,210,42.0,40.0,42,1_10_2_1_10_2_gray_clock.txt,875,3.0,3,reloj
276,1_10_2_1_10_2_gray_clock.txt,141,141,10,1,2,25.0,158,41,2.0,44,227,41.0,39.0,41,1_10_2_1_10_2_gray_clock.txt,1852,3.0,3,reloj
277,1_10_2_1_10_2_gray_clock.txt,141,141,10,1,2,25.0,158,41,2.0,44,227,41.0,39.0,41,1_10_2_1_10_2_gray_clock.txt,875,3.0,3,reloj
278,1_10_2_1_10_2_gray_clock.txt,141,141,10,1,2,12.0,154,46,2.0,49,216,46.0,44.0,46,1_10_2_1_10_2_gray_clock.txt,1852,3.0,3,reloj
279,1_10_2_1_10_2_gray_clock.txt,141,141,10,1,2,12.0,154,46,2.0,49,216,46.0,44.0,46,1_10_2_1_10_2_gray_clock.txt,875,3.0,3,reloj
280,1_10_2_1_10_2_gray_clock.txt,141,141,10,1,2,12.0,138,39,3.0,42,194,39.0,36.0,39,1_10_2_1_10_2_gray_clock.txt,1852,3.0,3,reloj
281,1_10_2_1_10_2_gray_clock.txt,141,141,10,1,2,12.0,138,39,3.0,42,194,39.0,36.0,39,1_10_2_1_10_2_gray_clock.txt,875,3.0,3,reloj
282,1_10_2_1_10_2_gray_clock.txt,141,141,10,1,2,14.0,144,41,2.0,43,202,41.0,39.0,41,1_10_2_1_10_2_gray_clock.txt,1852,3.0,3,reloj
283,1_10_2_1_10_2_gray_clock.txt,141,141,10,1,2,14.0,144,41,2.0,43,202,41.0,39.0,41,1_10_2_1_10_2_gray_clock.txt,875,3.0,3,reloj
284,1_10_2_1_10_2_gray_clock.txt,141,141,10,1,2,13.0,175,60,6.0,66,256,60.0,54.0,60,1_10_2_1_10_2_gray_clock.txt,1852,3.0,3,reloj
285,1_10_2_1_10_2_gray_clock.txt,141,141,10,1,2,13.0,175,60,6.0,66,256,60.0,54.0,60,1_10_2_1_10_2_gray_clock.txt,875,3.0,3,reloj
286,1_10_2_1_10_2_gray_clock.txt,141,141,10,1,2,15.0,162,43,5.0,48,227,43.0,38.0,43,1_10_2_1_10_2_gray_clock.txt,1852,3.0,3,reloj
287,1_10_2_1_10_2_gray_clock.txt,141,141,10,1,2,15.0,162,43,5.0,48,227,43.0,38.0,43,1_10_2_1_10_2_gray_clock.txt,875,3.0,3,reloj
288,1_10_2_1_10_2_gray_clock.txt,141,141,10,1,2,13.0,155,56,4.0,61,230,56.0,52.0,56,1_10_2_1_10_2_gray_clock.txt,1852,3.0,3,reloj
289,1_10_2_1_10_2_gray_clock.txt,141,141,10,1,2,13.0,155,56,4.0,61,230,56.0,52.0,56,1_10_2_1_10_2_gray_clock.txt,875,3.0,3,reloj
290,1_10_2_1_10_2_gray_clock.txt,141,141,10,1,2,12.0,141,43,3.0,46,200,43.0,40.0,43,1_10_2_1_10_2_gray_clock.txt,1852,3.0,3,reloj
291,1_10_2_1_10_2_gray_clock.txt,141,141,10,1,2,12.0,141,43,3.0,46,200,43.0,40.0,43,1_10_2_1_10_2_gray_clock.txt,875,3.0,3,reloj
292,1_10_2_1_10_2_gray_mandril.txt,141,141,10,1,2,25.0,164,53,2.0,56,246,53.0,51.0,53,1_10_2_1_10_2_gray_mandril.txt,3212,3.0,3,mandril
293,1_10_2_1_10_2_gray_mandril.txt,141,141,10,1,2,25.0,164,53,2.0,56,246,53.0,51.0,53,1_10_2_1_10_2_gray_mandril.txt,3191,3.0,3,mandril
294,1_10_2_1_10_2_gray_mandril.txt,141,141,10,1,2,26.0,149,47,3.0,51,227,47.0,44.0,47,1_10_2_1_10_2_gray_mandril.txt,3212,3.0,3,mandril
295,1_10_2_1_10_2_gray_mandril.txt,141,141,10,1,2,26.0,149,47,3.0,51,227,47.0,44.0,47,1_10_2_1_10_2_gray_mandril.txt,3191,3.0,3,mandril
296,1_10_2_1_10_2_gray_mandril.txt,141,141,10,1,2,13.0,140,56,2.0,58,212,56.0,54.0,56,1_10_2_1_10_2_gray_mandril.txt,3212,3.0,3,mandril
297,1_10_2_1_10_2_gray_mandril.txt,141,141,10,1,2,13.0,140,56,2.0,58,212,56.0,54.0,56,1_10_2_1_10_2_gray_mandril.txt,3191,3.0,3,mandril
298,1_10_2_1_10_2_gray_mandril.txt,141,141,10,1,2,12.0,142,43,3.0,46,202,43.0,40.0,43,1_10_2_1_10_2_gray_mandril.txt,3212,3.0,3,mandril
299,1_10_2_1_10_2_gray_mandril.txt,141,141,10,1,2,12.0,142,43,3.0,46,202,43.0,40.0,43,1_10_2_1_10_2_gray_mandril.txt,3191,3.0,3,mandril
300,1_10_2_1_10_2_gray_mandril.txt,141,141,10,1,2,27.0,165,41,2.0,43,237,41.0,39.0,41,1_10_2_1_10_2_gray_mandril.txt,3212,3.0,3,mandril
301,1_10_2_1_10_2_gray_mandril.txt,141,141,10,1,2,27.0,165,41,2.0,43,237,41.0,39.0,41,1_10_2_1_10_2_gray_mandril.txt,3191,3.0,3,mandril
302,1_10_2_1_10_2_gray_mandril.txt,141,141,10,1,2,12.0,139,41,2.0,44,196,41.0,39.0,41,1_10_2_1_10_2_gray_mandril.txt,3212,3.0,3,mandril
303,1_10_2_1_10_2_gray_mandril.txt,141,141,10,1,2,12.0,139,41,2.0,44,196,41.0,39.0,41,1_10_2_1_10_2_gray_mandril.txt,3191,3.0,3,mandril
304,1_10_2_1_10_2_gray_mandril.txt,141,141,10,1,2,13.0,152,54,6.0,60,227,54.0,48.0,54,1_10_2_1_10_2_gray_mandril.txt,3212,3.0,3,mandril
305,1_10_2_1_10_2_gray_mandril.txt,141,141,10,1,2,13.0,152,54,6.0,60,227,54.0,48.0,54,1_10_2_1_10_2_gray_mandril.txt,3191,3.0,3,mandril
306,1_10_2_1_10_2_gray_mandril.txt,141,141,10,1,2,21.0,161,47,2.0,50,232,47.0,45.0,47,1_10_2_1_10_2_gray_mandril.txt,3212,3.0,3,mandril
307,1_10_2_1_10_2_gray_mandril.txt,141,141,10,1,2,21.0,161,47,2.0,50,232,47.0,45.0,47,1_10_2_1_10_2_gray_mandril.txt,3191,3.0,3,mandril
308,1_10_2_1_10_2_gray_mandril.txt,141,141,10,1,2,26.0,194,62,6.0,69,289,62.0,56.0,62,1_10_2_1_10_2_gray_mandril.txt,3212,3.0,3,mandril
309,1_10_2_1_10_2_gray_mandril.txt,141,141,10,1,2,26.0,194,62,6.0,69,289,62.0,56.0,62,1_10_2_1_10_2_gray_mandril.txt,3191,3.0,3,mandril
310,1_10_2_1_10_2_gray_mandril.txt,141,141,10,1,2,17.0,178,47,2.0,49,246,47.0,45.0,47,1_10_2_1_10_2_gray_mandril.txt,3212,3.0,3,mandril
311,1_10_2_1_10_2_gray_mandril.txt,141,141,10,1,2,17.0,178,47,2.0,49,246,47.0,45.0,47,1_10_2_1_10_2_gray_mandril.txt,3191,3.0,3,mandril
312,1_10_2_1_10_2_gray_mandril.txt,141,141,10,1,2,24.0,145,42,2.0,44,214,42.0,40.0,42,1_10_2_1_10_2_gray_mandril.txt,3212,3.0,3,mandril
313,1_10_2_1_10_2_gray_mandril.txt,141,141,10,1,2,24.0,145,42,2.0,44,214,42.0,40.0,42,1_10_2_1_10_2_gray_mandril.txt,3191,3.0,3,mandril
314,1_10_2_1_10_2_gray_tank.txt,141,141,10,1,2,22.0,160,47,2.0,50,233,47.0,45.0,47,1_10_2_1_10_2_gray_tank.txt,3314,3.0,3,tanque
315,1_10_2_1_10_2_gray_tank.txt,141,141,10,1,2,22.0,160,47,2.0,50,233,47.0,45.0,47,1_10_2_1_10_2_gray_tank.txt,3294,3.0,3,tanque
316,1_10_2_1_10_2_gray_tank.txt,141,141,10,1,2,14.0,174,54,2.0,56,245,54.0,52.0,54,1_10_2_1_10_2_gray_tank.txt,3314,3.0,3,tanque
317,1_10_2_1_10_2_gray_tank.txt,141,141,10,1,2,14.0,174,54,2.0,56,245,54.0,52.0,54,1_10_2_1_10_2_gray_tank.txt,3294,3.0,3,tanque
318,1_10_2_1_10_2_gray_tank.txt,141,141,10,1,2,25.0,196,63,6.0,69,290,63.0,57.0,63,1_10_2_1_10_2_gray_tank.txt,3314,3.0,3,tanque
319,1_10_2_1_10_2_gray_tank.txt,141,141,10,1,2,25.0,196,63,6.0,69,290,63.0,57.0,63,1_10_2_1_10_2_gray_tank.txt,3294,3.0,3,tanque
320,1_10_2_1_10_2_gray_tank.txt,141,141,10,1,2,17.0,143,42,2.0,44,205,42.0,40.0,42,1_10_2_1_10_2_gray_tank.txt,3314,3.0,3,tanque
321,1_10_2_1_10_2_gray_tank.txt,141,141,10,1,2,17.0,143,42,2.0,44,205,42.0,40.0,42,1_10_2_1_10_2_gray_tank.txt,3294,3.0,3,tanque
322,1_10_2_1_10_2_gray_tank.txt,141,141,10,1,2,12.0,138,40,2.0,43,194,40.0,38.0,40,1_10_2_1_10_2_gray_tank.txt,3314,3.0,3,tanque
323,1_10_2_1_10_2_gray_tank.txt,141,141,10,1,2,12.0,138,40,2.0,43,194,40.0,38.0,40,1_10_2_1_10_2_gray_tank.txt,3294,3.0,3,tanque
324,1_10_2_1_10_2_gray_tank.txt,141,141,10,1,2,12.0,141,48,2.0,51,205,48.0,46.0,48,1_10_2_1_10_2_gray_tank.txt,3314,3.0,3,tanque
325,1_10_2_1_10_2_gray_tank.txt,141,141,10,1,2,12.0,141,48,2.0,51,205,48.0,46.0,48,1_10_2_1_10_2_gray_tank.txt,3294,3.0,3,tanque
326,1_10_2_1_10_2_gray_tank.txt,141,141,10,1,2,16.0,192,54,3.0,58,267,54.0,51.0,54,1_10_2_1_10_2_gray_tank.txt,3314,3.0,3,tanque
327,1_10_2_1_10_2_gray_tank.txt,141,141,10,1,2,16.0,192,54,3.0,58,267,54.0,51.0,54,1_10_2_1_10_2_gray_tank.txt,3294,3.0,3,tanque
328,1_10_2_1_10_2_gray_tank.txt,141,141,10,1,2,13.0,161,47,4.0,52,227,47.0,43.0,47,1_10_2_1_10_2_gray_tank.txt,3314,3.0,3,tanque
329,1_10_2_1_10_2_gray_tank.txt,141,141,10,1,2,13.0,161,47,4.0,52,227,47.0,43.0,47,1_10_2_1_10_2_gray_tank.txt,3294,3.0,3,tanque
330,1_10_2_1_10_2_gray_tank.txt,141,141,10,1,2,25.0,170,42,3.0,46,242,42.0,39.0,42,1_10_2_1_10_2_gray_tank.txt,3314,3.0,3,tanque
331,1_10_2_1_10_2_gray_tank.txt,141,141,10,1,2,25.0,170,42,3.0,46,242,42.0,39.0,42,1_10_2_1_10_2_gray_tank.txt,3294,3.0,3,tanque
332,1_10_2_1_10_2_gray_tank.txt,141,141,10,1,2,17.0,163,45,3.0,48,229,45.0,42.0,45,1_10_2_1_10_2_gray_tank.txt,3314,3.0,3,tanque
333,1_10_2_1_10_2_gray_tank.txt,141,141,10,1,2,17.0,163,45,3.0,48,229,45.0,42.0,45,1_10_2_1_10_2_gray_tank.txt,3294,3.0,3,tanque
334,0_10_2_0_10_2_gray_mandril.txt,141,141,10,0,2,12.0,188982,24,2.0,27,189022,24.0,22.0,24,0_10_2_0_10_2_gray_mandril.txt,1557,3.0,3,mandril
335,0_10_2_0_10_2_gray_mandril.txt,141,141,10,0,2,12.0,188982,24,2.0,27,189022,24.0,22.0,24,0_10_2_0_10_2_gray_mandril.txt,1356,3.0,3,mandril
336,0_10_2_0_10_2_gray_tank.txt,141,141,10,0,2,16.0,197569,36,5.0,42,197628,36.0,31.0,36,0_10_2_0_10_2_gray_tank.txt,1745,3.0,3,tanque
337,0_10_2_0_10_2_gray_tank.txt,141,141,10,0,2,16.0,197569,36,5.0,42,197628,36.0,31.0,36,0_10_2_0_10_2_gray_tank.txt,1551,3.0,3,tanque
338,0_10_2_0_10_2_gray_clock.txt,141,141,10,0,2,27.0,183476,23,2.0,25,183530,23.0,21.0,23,0_10_2_0_10_2_gray_clock.txt,592,3.0,3,reloj
339,0_10_2_0_10_2_gray_clock.txt,141,141,10,0,2,27.0,183476,23,2.0,25,183530,23.0,21.0,23,0_10_2_0_10_2_gray_clock.txt,506,3.0,3,reloj
340,1_10_1_1_10_1_gray_mandril.txt,141,141,10,1,1,13.0,143,42,2.0,45,201,42.0,40.0,42,1_10_1_1_10_1_gray_mandril.txt,3212,3.0,3,mandril
341,1_10_1_1_10_1_gray_mandril.txt,141,141,10,1,1,13.0,143,42,2.0,45,201,42.0,40.0,42,1_10_1_1_10_1_gray_mandril.txt,3191,3.0,3,mandril
342,1_10_1_1_10_1_gray_tank.txt,141,141,10,1,1,13.0,138,41,4.0,46,198,41.0,37.0,41,1_10_1_1_10_1_gray_tank.txt,3314,3.0,3,tanque
343,1_10_1_1_10_1_gray_tank.txt,141,141,10,1,1,13.0,138,41,4.0,46,198,41.0,37.0,41,1_10_1_1_10_1_gray_tank.txt,3294,3.0,3,tanque
344,1_10_1_1_10_1_gray_clock.txt,141,141,10,1,1,13.0,145,39,2.0,42,201,39.0,37.0,39,1_10_1_1_10_1_gray_clock.txt,972,3.0,3,reloj
345,1_10_1_1_10_1_gray_clock.txt,141,141,10,1,1,13.0,145,39,2.0,42,201,39.0,37.0,39,1_10_1_1_10_1_gray_clock.txt,938,3.0,3,reloj
346,0_10_1_0_10_1_gray_clock.txt,141,141,10,0,1,12.0,180143,25,2.0,27,180184,25.0,23.0,25,0_10_1_0_10_1_gray_clock.txt,592,3.0,3,reloj
347,0_10_1_0_10_1_gray_clock.txt,141,141,10,0,1,12.0,180143,25,2.0,27,180184,25.0,23.0,25,0_10_1_0_10_1_gray_clock.txt,506,3.0,3,reloj
348,0_10_1_0_10_1_gray_tank.txt,141,141,10,0,1,13.0,194938,25,2.0,28,194980,25.0,23.0,25,0_10_1_0_10_1_gray_tank.txt,1745,3.0,3,tanque
349,0_10_1_0_10_1_gray_tank.txt,141,141,10,0,1,13.0,194938,25,2.0,28,194980,25.0,23.0,25,0_10_1_0_10_1_gray_tank.txt,1551,3.0,3,tanque
350,0_10_1_0_10_1_gray_mandril.txt,141,141,10,0,1,12.0,191934,24,2.0,27,191974,24.0,22.0,24,0_10_1_0_10_1_gray_mandril.txt,1557,3.0,3,mandril
351,0_10_1_0_10_1_gray_mandril.txt,141,141,10,0,1,12.0,191934,24,2.0,27,191974,24.0,22.0,24,0_10_1_0_10_1_gray_mandril.txt,1356,3.0,3,mandril
352,1_10_0_1_10_0_gray_mandril.txt,141,141,10,1,0,20.0,154,9914,2.0,9916,10091,9914.0,9912.0,9914,1_10_0_1_10_0_gray_mandril.txt,3212,3.0,3,mandril
353,1_10_0_1_10_0_gray_mandril.txt,141,141,10,1,0,20.0,154,9914,2.0,9916,10091,9914.0,9912.0,9914,1_10_0_1_10_0_gray_mandril.txt,3191,3.0,3,mandril
354,1_10_0_1_10_0_gray_clock.txt,141,141,10,1,0,14.0,144,11504,2.0,11507,11666,11504.0,11502.0,11504,1_10_0_1_10_0_gray_clock.txt,972,3.0,3,reloj
355,1_10_0_1_10_0_gray_clock.txt,141,141,10,1,0,14.0,144,11504,2.0,11507,11666,11504.0,11502.0,11504,1_10_0_1_10_0_gray_clock.txt,938,3.0,3,reloj
356,1_10_0_1_10_0_gray_tank.txt,141,141,10,1,0,13.0,142,10310,6.0,10317,10474,10310.0,10304.0,10310,1_10_0_1_10_0_gray_tank.txt,3314,3.0,3,tanque
357,1_10_0_1_10_0_gray_tank.txt,141,141,10,1,0,13.0,142,10310,6.0,10317,10474,10310.0,10304.0,10310,1_10_0_1_10_0_gray_tank.txt,3294,3.0,3,tanque
358,0_10_0_0_10_0_gray_clock.txt,141,141,10,0,0,26.0,183446,6383,2.0,6385,189859,6383.0,6381.0,6383,0_10_0_0_10_0_gray_clock.txt,592,3.0,3,reloj
359,0_10_0_0_10_0_gray_clock.txt,141,141,10,0,0,26.0,183446,6383,2.0,6385,189859,6383.0,6381.0,6383,0_10_0_0_10_0_gray_clock.txt,506,3.0,3,reloj
360,0_10_0_0_10_0_gray_mandril.txt,141,141,10,0,0,15.0,190813,6857,3.0,6861,197690,6857.0,6854.0,6857,0_10_0_0_10_0_gray_mandril.txt,1557,3.0,3,mandril
361,0_10_0_0_10_0_gray_mandril.txt,141,141,10,0,0,15.0,190813,6857,3.0,6861,197690,6857.0,6854.0,6857,0_10_0_0_10_0_gray_mandril.txt,1356,3.0,3,mandril
362,0_10_0_0_10_0_gray_tank.txt,141,141,10,0,0,15.0,191396,7335,2.0,7338,198750,7335.0,7333.0,7335,0_10_0_0_10_0_gray_tank.txt,1745,3.0,3,tanque
363,0_10_0_0_10_0_gray_tank.txt,141,141,10,0,0,15.0,191396,7335,2.0,7338,198750,7335.0,7333.0,7335,0_10_0_0_10_0_gray_tank.txt,1551,3.0,3,tanque
364,0_10_2_0_10_2_0_10_2_gray_mandril.txt,141,141,10,0,2,27.0,173972,23,5.0,29,174028,23.0,18.0,23,0_10_2_0_10_2_0_10_2_gray_mandril.txt,1316,4.0,4,mandril
365,0_10_2_0_10_2_0_10_2_gray_mandril.txt,141,141,10,0,2,19.0,187837,25,2.0,28,187885,25.0,23.0,25,0_10_2_0_10_2_0_10_2_gray_mandril.txt,1316,4.0,4,mandril
366,0_10_2_0_10_2_0_10_2_gray_tank.txt,141,141,10,0,2,26.0,174289,22,2.0,25,174340,22.0,20.0,22,0_10_2_0_10_2_0_10_2_gray_tank.txt,1551,4.0,4,tanque
367,0_10_2_0_10_2_0_10_2_gray_tank.txt,141,141,10,0,2,12.0,195121,24,2.0,27,195161,24.0,22.0,24,0_10_2_0_10_2_0_10_2_gray_tank.txt,1551,4.0,4,tanque
368,0_10_2_0_10_2_0_10_2_gray_clock.txt,141,141,10,0,2,11.0,164841,21,2.0,24,164877,21.0,19.0,21,0_10_2_0_10_2_0_10_2_gray_clock.txt,494,4.0,4,reloj
369,0_10_2_0_10_2_0_10_2_gray_clock.txt,141,141,10,0,2,15.0,181501,25,2.0,28,181545,25.0,23.0,25,0_10_2_0_10_2_0_10_2_gray_clock.txt,494,4.0,4,reloj
370,1_10_1_1_10_1_1_10_1_gray_mandril.txt,141,141,10,1,1,12.0,127,36,2.0,39,178,36.0,34.0,36,1_10_1_1_10_1_1_10_1_gray_mandril.txt,3191,4.0,4,mandril
371,1_10_1_1_10_1_1_10_1_gray_mandril.txt,141,141,10,1,1,25.0,170,46,2.0,49,245,46.0,44.0,46,1_10_1_1_10_1_1_10_1_gray_mandril.txt,3191,4.0,4,mandril
372,1_10_1_1_10_1_1_10_1_gray_clock.txt,141,141,10,1,1,13.0,131,38,2.0,41,186,38.0,36.0,38,1_10_1_1_10_1_1_10_1_gray_clock.txt,934,4.0,4,reloj
373,1_10_1_1_10_1_1_10_1_gray_clock.txt,141,141,10,1,1,13.0,147,44,2.0,46,207,44.0,42.0,44,1_10_1_1_10_1_1_10_1_gray_clock.txt,934,4.0,4,reloj
374,1_10_1_1_10_1_1_10_1_gray_tank.txt,141,141,10,1,1,11.0,129,38,3.0,41,182,38.0,35.0,38,1_10_1_1_10_1_1_10_1_gray_tank.txt,3293,4.0,4,tanque
375,1_10_1_1_10_1_1_10_1_gray_tank.txt,141,141,10,1,1,19.0,140,41,3.0,44,204,41.0,38.0,41,1_10_1_1_10_1_1_10_1_gray_tank.txt,3293,4.0,4,tanque
376,0_10_1_0_10_1_0_10_1_gray_mandril.txt,141,141,10,0,1,14.0,175887,22,3.0,26,175927,22.0,19.0,22,0_10_1_0_10_1_0_10_1_gray_mandril.txt,1316,4.0,4,mandril
377,0_10_1_0_10_1_0_10_1_gray_mandril.txt,141,141,10,0,1,12.0,189013,25,2.0,28,189054,25.0,23.0,25,0_10_1_0_10_1_0_10_1_gray_mandril.txt,1316,4.0,4,mandril
378,0_10_1_0_10_1_0_10_1_gray_clock.txt,141,141,10,0,1,14.0,166108,21,2.0,24,166147,21.0,19.0,21,0_10_1_0_10_1_0_10_1_gray_clock.txt,494,4.0,4,reloj
379,0_10_1_0_10_1_0_10_1_gray_clock.txt,141,141,10,0,1,13.0,178530,22,2.0,25,178569,22.0,20.0,22,0_10_1_0_10_1_0_10_1_gray_clock.txt,494,4.0,4,reloj
380,0_10_1_0_10_1_0_10_1_gray_tank.txt,141,141,10,0,1,43.0,173453,22,2.0,25,173522,22.0,20.0,22,0_10_1_0_10_1_0_10_1_gray_tank.txt,1551,4.0,4,tanque
381,0_10_1_0_10_1_0_10_1_gray_tank.txt,141,141,10,0,1,12.0,189217,25,2.0,28,189259,25.0,23.0,25,0_10_1_0_10_1_0_10_1_gray_tank.txt,1551,4.0,4,tanque
382,1_10_0_1_10_0_1_10_0_gray_clock.txt,141,141,10,1,0,48.0,129,10217,2.0,10220,10398,10217.0,10215.0,10217,1_10_0_1_10_0_1_10_0_gray_clock.txt,934,4.0,4,reloj
383,1_10_0_1_10_0_1_10_0_gray_clock.txt,141,141,10,1,0,13.0,146,11031,2.0,11034,11194,11031.0,11029.0,11031,1_10_0_1_10_0_1_10_0_gray_clock.txt,934,4.0,4,reloj
384,1_10_0_1_10_0_1_10_0_gray_mandril.txt,141,141,10,1,0,26.0,127,8843,4.0,8847,9001,8843.0,8839.0,8843,1_10_0_1_10_0_1_10_0_gray_mandril.txt,3191,4.0,4,mandril
385,1_10_0_1_10_0_1_10_0_gray_mandril.txt,141,141,10,1,0,25.0,164,9754,2.0,9757,9947,9754.0,9752.0,9754,1_10_0_1_10_0_1_10_0_gray_mandril.txt,3191,4.0,4,mandril
386,1_10_0_1_10_0_1_10_0_gray_tank.txt,141,141,10,1,0,35.0,128,8842,2.0,8845,9009,8842.0,8840.0,8842,1_10_0_1_10_0_1_10_0_gray_tank.txt,3293,4.0,4,tanque
387,1_10_0_1_10_0_1_10_0_gray_tank.txt,141,141,10,1,0,13.0,144,9817,2.0,9820,9978,9817.0,9815.0,9817,1_10_0_1_10_0_1_10_0_gray_tank.txt,3293,4.0,4,tanque
388,0_10_0_0_10_0_0_10_0_gray_mandril.txt,141,141,10,0,0,24.0,170391,6133,2.0,6136,176553,6133.0,6131.0,6133,0_10_0_0_10_0_0_10_0_gray_mandril.txt,1316,4.0,4,mandril
389,0_10_0_0_10_0_0_10_0_gray_mandril.txt,141,141,10,0,0,12.0,187766,6675,2.0,6678,194456,6675.0,6673.0,6675,0_10_0_0_10_0_0_10_0_gray_mandril.txt,1316,4.0,4,mandril
390,0_10_0_0_10_0_0_10_0_gray_clock.txt,141,141,10,0,0,30.0,162975,5892,4.0,5897,168902,5892.0,5888.0,5892,0_10_0_0_10_0_0_10_0_gray_clock.txt,494,4.0,4,reloj
391,0_10_0_0_10_0_0_10_0_gray_clock.txt,141,141,10,0,0,13.0,179733,6393,2.0,6396,186143,6393.0,6391.0,6393,0_10_0_0_10_0_0_10_0_gray_clock.txt,494,4.0,4,reloj
392,0_10_0_0_10_0_0_10_0_gray_tank.txt,141,141,10,0,0,20.0,172609,6118,2.0,6121,178750,6118.0,6116.0,6118,0_10_0_0_10_0_0_10_0_gray_tank.txt,1551,4.0,4,tanque
393,0_10_0_0_10_0_0_10_0_gray_tank.txt,141,141,10,0,0,12.0,188843,6684,2.0,6687,195543,6684.0,6682.0,6684,0_10_0_0_10_0_0_10_0_gray_tank.txt,1551,4.0,4,tanque
394,1_10_2_1_10_2_1_10_2_gray_clock.txt,141,141,10,1,2,22.0,172,39,2.0,42,237,39.0,37.0,39,1_10_2_1_10_2_1_10_2_gray_clock.txt,862,4.0,4,reloj
395,1_10_2_1_10_2_1_10_2_gray_mandril.txt,141,141,10,1,2,23.0,153,47,2.0,50,227,47.0,45.0,47,1_10_2_1_10_2_1_10_2_gray_mandril.txt,3191,4.0,4,mandril
396,1_10_2_1_10_2_1_10_2_gray_tank.txt,141,141,10,1,2,12.0,138,41,2.0,43,194,41.0,39.0,41,1_10_2_1_10_2_1_10_2_gray_tank.txt,3293,4.0,4,tanque
397,0_10_2_0_10_2_0_10_2_0_10_2_gray_clock.txt,141,141,10,0,2,16.0,176052,35,9.0,45,176113,35.0,26.0,35,0_10_2_0_10_2_0_10_2_0_10_2_gray_clock.txt,490,5.0,5,reloj
398,0_10_2_0_10_2_0_10_2_0_10_2_gray_clock.txt,141,141,10,0,2,22.0,175183,21,2.0,24,175230,21.0,19.0,21,0_10_2_0_10_2_0_10_2_0_10_2_gray_clock.txt,490,5.0,5,reloj
399,0_10_2_0_10_2_0_10_2_0_10_2_gray_tank.txt,141,141,10,0,2,21.0,186687,22,2.0,25,186734,22.0,20.0,22,0_10_2_0_10_2_0_10_2_0_10_2_gray_tank.txt,1548,5.0,5,tanque
400,0_10_2_0_10_2_0_10_2_0_10_2_gray_tank.txt,141,141,10,0,2,12.0,182334,30,6.0,36,182384,30.0,24.0,30,0_10_2_0_10_2_0_10_2_0_10_2_gray_tank.txt,1548,5.0,5,tanque
401,0_10_2_0_10_2_0_10_2_0_10_2_gray_mandril.txt,141,141,10,0,2,27.0,192765,38,4.0,43,192836,38.0,34.0,38,0_10_2_0_10_2_0_10_2_0_10_2_gray_mandril.txt,1303,5.0,5,mandril
402,0_10_2_0_10_2_0_10_2_0_10_2_gray_mandril.txt,141,141,10,0,2,25.0,182498,22,3.0,25,182549,22.0,19.0,22,0_10_2_0_10_2_0_10_2_0_10_2_gray_mandril.txt,1303,5.0,5,mandril
403,1_10_1_1_10_1_1_10_1_1_10_1_gray_tank.txt,141,141,10,1,1,44.0,197,42,4.0,46,288,42.0,38.0,42,1_10_1_1_10_1_1_10_1_1_10_1_gray_tank.txt,3293,5.0,5,tanque
404,1_10_1_1_10_1_1_10_1_1_10_1_gray_tank.txt,141,141,10,1,1,14.0,140,47,2.0,50,206,47.0,45.0,47,1_10_1_1_10_1_1_10_1_1_10_1_gray_tank.txt,3293,5.0,5,tanque
405,1_10_1_1_10_1_1_10_1_1_10_1_gray_clock.txt,141,141,10,1,1,18.0,154,42,4.0,47,220,42.0,38.0,42,1_10_1_1_10_1_1_10_1_1_10_1_gray_clock.txt,934,5.0,5,reloj
406,1_10_1_1_10_1_1_10_1_1_10_1_gray_clock.txt,141,141,10,1,1,12.0,144,39,4.0,44,201,39.0,35.0,39,1_10_1_1_10_1_1_10_1_1_10_1_gray_clock.txt,934,5.0,5,reloj
407,1_10_1_1_10_1_1_10_1_1_10_1_gray_mandril.txt,141,141,10,1,1,13.0,160,44,4.0,49,223,44.0,40.0,44,1_10_1_1_10_1_1_10_1_1_10_1_gray_mandril.txt,3191,5.0,5,mandril
408,1_10_1_1_10_1_1_10_1_1_10_1_gray_mandril.txt,141,141,10,1,1,12.0,156,39,4.0,43,212,39.0,35.0,39,1_10_1_1_10_1_1_10_1_1_10_1_gray_mandril.txt,3191,5.0,5,mandril
409,0_10_1_0_10_1_0_10_1_0_10_1_gray_clock.txt,141,141,10,0,1,13.0,186363,29,6.0,35,186411,29.0,23.0,29,0_10_1_0_10_1_0_10_1_0_10_1_gray_clock.txt,490,5.0,5,reloj
410,0_10_1_0_10_1_0_10_1_0_10_1_gray_clock.txt,141,141,10,0,1,12.0,172937,22,3.0,25,172975,22.0,19.0,22,0_10_1_0_10_1_0_10_1_0_10_1_gray_clock.txt,490,5.0,5,reloj
411,0_10_1_0_10_1_0_10_1_0_10_1_gray_tank.txt,141,141,10,0,1,19.0,197053,27,4.0,32,197106,27.0,23.0,27,0_10_1_0_10_1_0_10_1_0_10_1_gray_tank.txt,1548,5.0,5,tanque
412,0_10_1_0_10_1_0_10_1_0_10_1_gray_tank.txt,141,141,10,0,1,12.0,181916,33,6.0,39,181969,33.0,27.0,33,0_10_1_0_10_1_0_10_1_0_10_1_gray_tank.txt,1548,5.0,5,tanque
413,0_10_1_0_10_1_0_10_1_0_10_1_gray_mandril.txt,141,141,10,0,1,22.0,190996,28,5.0,34,191053,28.0,23.0,28,0_10_1_0_10_1_0_10_1_0_10_1_gray_mandril.txt,1303,5.0,5,mandril
414,0_10_1_0_10_1_0_10_1_0_10_1_gray_mandril.txt,141,141,10,0,1,14.0,180358,26,4.0,30,180403,26.0,22.0,26,0_10_1_0_10_1_0_10_1_0_10_1_gray_mandril.txt,1303,5.0,5,mandril
415,1_10_0_1_10_0_1_10_0_1_10_0_gray_tank.txt,141,141,10,1,0,25.0,197,10096,2.0,10099,10323,10096.0,10094.0,10096,1_10_0_1_10_0_1_10_0_1_10_0_gray_tank.txt,3293,5.0,5,tanque
416,1_10_0_1_10_0_1_10_0_1_10_0_gray_tank.txt,141,141,10,1,0,14.0,144,9736,3.0,9739,9898,9736.0,9733.0,9736,1_10_0_1_10_0_1_10_0_1_10_0_gray_tank.txt,3293,5.0,5,tanque
417,1_10_0_1_10_0_1_10_0_1_10_0_gray_mandril.txt,141,141,10,1,0,15.0,132,9646,2.0,9649,9797,9646.0,9644.0,9646,1_10_0_1_10_0_1_10_0_1_10_0_gray_mandril.txt,3191,5.0,5,mandril
418,1_10_0_1_10_0_1_10_0_1_10_0_gray_mandril.txt,141,141,10,1,0,13.0,136,9781,5.0,9787,9936,9781.0,9776.0,9781,1_10_0_1_10_0_1_10_0_1_10_0_gray_mandril.txt,3191,5.0,5,mandril
419,1_10_0_1_10_0_1_10_0_1_10_0_gray_clock.txt,141,141,10,1,0,95.0,139,10413,4.0,10418,10653,10413.0,10409.0,10413,1_10_0_1_10_0_1_10_0_1_10_0_gray_clock.txt,934,5.0,5,reloj
420,1_10_0_1_10_0_1_10_0_1_10_0_gray_clock.txt,141,141,10,1,0,23.0,159,10718,3.0,10722,10905,10718.0,10715.0,10718,1_10_0_1_10_0_1_10_0_1_10_0_gray_clock.txt,934,5.0,5,reloj
421,0_10_0_0_10_0_0_10_0_0_10_0_gray_mandril.txt,141,141,10,0,0,12.0,182565,6151,2.0,6154,188731,6151.0,6149.0,6151,0_10_0_0_10_0_0_10_0_0_10_0_gray_mandril.txt,1303,5.0,5,mandril
422,0_10_0_0_10_0_0_10_0_0_10_0_gray_mandril.txt,141,141,10,0,0,12.0,179356,6213,3.0,6217,185585,6213.0,6210.0,6213,0_10_0_0_10_0_0_10_0_0_10_0_gray_mandril.txt,1303,5.0,5,mandril
423,0_10_0_0_10_0_0_10_0_0_10_0_gray_tank.txt,141,141,10,0,0,15.0,191943,7924,26.0,7950,199909,7924.0,7898.0,7924,0_10_0_0_10_0_0_10_0_0_10_0_gray_tank.txt,1548,5.0,5,tanque
424,0_10_0_0_10_0_0_10_0_0_10_0_gray_tank.txt,141,141,10,0,0,13.0,174274,6222,3.0,6226,180513,6222.0,6219.0,6222,0_10_0_0_10_0_0_10_0_0_10_0_gray_tank.txt,1548,5.0,5,tanque
425,0_10_0_0_10_0_0_10_0_0_10_0_gray_clock.txt,141,141,10,0,0,34.0,203125,6747,28.0,6775,209934,6747.0,6719.0,6747,0_10_0_0_10_0_0_10_0_0_10_0_gray_clock.txt,490,5.0,5,reloj
426,0_10_0_0_10_0_0_10_0_0_10_0_gray_clock.txt,141,141,10,0,0,12.0,170009,6222,2.0,6225,176247,6222.0,6220.0,6222,0_10_0_0_10_0_0_10_0_0_10_0_gray_clock.txt,490,5.0,5,reloj
427,1_10_2_1_10_2_1_10_2_1_10_2_gray_clock.txt,141,141,10,1,2,15.0,190,44,2.0,47,253,44.0,42.0,44,1_10_2_1_10_2_1_10_2_1_10_2_gray_clock.txt,862,5.0,5,reloj
428,1_10_2_1_10_2_1_10_2_1_10_2_gray_clock.txt,141,141,10,1,2,14.0,143,40,5.0,46,205,40.0,35.0,40,1_10_2_1_10_2_1_10_2_1_10_2_gray_clock.txt,862,5.0,5,reloj
429,1_10_2_1_10_2_1_10_2_1_10_2_gray_mandril.txt,141,141,10,1,2,12.0,151,48,6.0,55,219,48.0,42.0,48,1_10_2_1_10_2_1_10_2_1_10_2_gray_mandril.txt,3191,5.0,5,mandril
430,1_10_2_1_10_2_1_10_2_1_10_2_gray_mandril.txt,141,141,10,1,2,22.0,138,42,2.0,45,205,42.0,40.0,42,1_10_2_1_10_2_1_10_2_1_10_2_gray_mandril.txt,3191,5.0,5,mandril
431,1_10_2_1_10_2_1_10_2_1_10_2_gray_tank.txt,141,141,10,1,2,17.0,156,53,3.0,56,231,53.0,50.0,53,1_10_2_1_10_2_1_10_2_1_10_2_gray_tank.txt,3293,5.0,5,tanque
